,iter,ntrans,curvature,ediff,ediffmax
0,0.0,0.0,0.0,0.0,0.0
1,1.0,0.0,0.0,0.0,0.0
2,2.0,0.0,10.315,0.002,0.002
3,3.0,0.0,10.315,0.001,0.002
4,4.0,0.0,5.724,0.001,0.002
5,5.0,0.0,5.724,0.001,0.002
6,6.0,0.0,4.147,0.001,0.002
7,79.0,10.0,1.072,0.183,0.188
8,80.0,10.0,1.072,0.185,0.188
9,81.0,10.0,1.072,0.211,0.211
10,82.0,10.0,1.064,0.222,0.222
11,83.0,10.0,1.064,0.217,0.222
12,84.0,10.0,1.107,0.222,0.222
13,85.0,10.0,1.107,0.218,0.222
14,86.0,10.0,1.099,0.222,0.222
15,159.0,20.0,1.0,0.67,0.68
16,160.0,20.0,1.0,0.675,0.68
17,161.0,20.0,1.0,0.725,0.725
18,162.0,20.0,0.996,0.746,0.746
19,163.0,20.0,0.996,0.736,0.746
20,164.0,20.0,1.008,0.746,0.746
21,165.0,20.0,1.008,0.737,0.746
22,166.0,20.0,1.007,0.746,0.746
23,239.0,30.0,0.972,1.461,1.475
24,240.0,30.0,0.972,1.467,1.475
25,241.0,30.0,0.972,1.54,1.54
26,242.0,30.0,0.97,1.57,1.57
27,243.0,30.0,0.97,1.556,1.57
28,244.0,30.0,0.975,1.57,1.57
29,245.0,30.0,0.975,1.557,1.57
30,246.0,30.0,0.975,1.57,1.57
31,319.0,40.0,0.947,2.551,2.57
32,320.0,40.0,0.947,2.56,2.57
33,321.0,40.0,0.947,2.658,2.658
34,322.0,40.0,0.943,2.698,2.698
35,323.0,40.0,0.943,2.678,2.698
36,324.0,40.0,0.945,2.698,2.698
37,325.0,40.0,0.945,2.678,2.698
38,326.0,40.0,0.945,2.698,2.698
39,399.0,50.0,0.908,3.988,4.014
40,400.0,50.0,0.908,4.001,4.014
41,401.0,50.0,0.908,4.127,4.127
42,402.0,50.0,0.904,4.178,4.178
43,403.0,50.0,0.904,4.152,4.178
44,404.0,50.0,0.906,4.178,4.178
45,405.0,50.0,0.906,4.152,4.178
46,406.0,50.0,0.906,4.178,4.178
47,479.0,60.0,0.867,5.787,5.82
48,480.0,60.0,0.867,5.804,5.82
49,481.0,60.0,0.867,5.958,5.958
50,482.0,60.0,0.862,6.02,6.02
51,483.0,60.0,0.862,5.987,6.02
52,484.0,60.0,0.864,6.02,6.02
53,485.0,60.0,0.864,5.987,6.02
54,486.0,60.0,0.864,6.02,6.02
55,559.0,70.0,0.826,7.946,7.985
56,560.0,70.0,0.826,7.967,7.985
57,561.0,70.0,0.826,8.147,8.147
58,562.0,70.0,0.821,8.22,8.22
59,563.0,70.0,0.821,8.181,8.22
60,564.0,70.0,0.823,8.22,8.22
61,565.0,70.0,0.823,8.181,8.22
62,566.0,70.0,0.824,8.22,8.22
63,639.0,80.0,0.805,10.452,10.495
64,640.0,80.0,0.805,10.474,10.495
65,641.0,80.0,0.805,10.681,10.681
66,642.0,80.0,0.8,10.764,10.764
67,643.0,80.0,0.8,10.72,10.764
68,644.0,80.0,0.802,10.764,10.764
69,645.0,80.0,0.802,10.721,10.764
70,646.0,80.0,0.802,10.764,10.764
71,719.0,90.0,0.785,13.284,13.331
72,720.0,90.0,0.785,13.308,13.331
73,721.0,90.0,0.785,13.54,13.54
74,722.0,90.0,0.782,13.633,13.633
75,723.0,90.0,0.782,13.585,13.633
76,724.0,90.0,0.784,13.633,13.633
77,725.0,90.0,0.784,13.585,13.633
78,726.0,90.0,0.784,13.633,13.633
79,799.0,100.0,0.77,16.436,16.487
80,800.0,100.0,0.77,16.462,16.487
81,801.0,100.0,0.77,16.717,16.717
82,802.0,100.0,0.767,16.82,16.82
83,803.0,100.0,0.767,16.768,16.82
84,804.0,100.0,0.768,16.82,16.82
85,805.0,100.0,0.768,16.769,16.82
86,806.0,100.0,0.768,16.82,16.82
87,879.0,110.0,0.742,19.89,19.946
88,880.0,110.0,0.742,19.919,19.946
89,881.0,110.0,0.742,20.197,20.197
90,882.0,110.0,0.738,20.309,20.309
91,883.0,110.0,0.738,20.251,20.309
92,884.0,110.0,0.739,20.309,20.309
93,885.0,110.0,0.739,20.251,20.309
94,886.0,110.0,0.738,20.309,20.309
95,959.0,120.0,0.707,23.631,23.69
96,960.0,120.0,0.707,23.66,23.69
97,961.0,120.0,0.707,23.958,23.958
98,962.0,120.0,0.701,24.078,24.078
99,963.0,120.0,0.701,24.018,24.078
100,964.0,120.0,0.704,24.078,24.078
101,965.0,120.0,0.704,24.019,24.078
102,966.0,120.0,0.704,24.078,24.078
103,1039.0,130.0,0.588,27.532,27.58
104,1040.0,130.0,0.588,27.548,27.58
105,1041.0,130.0,0.588,27.834,27.834
106,1042.0,130.0,0.559,27.949,27.949
107,1043.0,130.0,0.559,27.902,27.949
108,1044.0,130.0,0.55,27.947,27.949
109,1045.0,130.0,0.55,27.903,27.949
110,1046.0,130.0,0.542,27.946,27.949
111,1119.0,140.0,0.804,30.837,30.855
112,1120.0,140.0,0.804,30.83,30.855
113,1121.0,140.0,0.804,31.084,31.084
114,1122.0,140.0,0.812,31.186,31.186
115,1123.0,140.0,0.812,31.168,31.186
116,1124.0,140.0,0.812,31.187,31.187
117,1125.0,140.0,0.812,31.169,31.187
118,1126.0,140.0,0.81,31.187,31.187
119,1199.0,150.0,0.345,34.207,34.249
120,1200.0,150.0,0.345,34.221,34.249
121,1201.0,150.0,0.345,34.455,34.455
122,1202.0,150.0,0.381,34.55,34.55
123,1203.0,150.0,0.381,34.515,34.55
124,1204.0,150.0,0.377,34.548,34.55
125,1205.0,150.0,0.377,34.513,34.55
126,1206.0,150.0,0.375,34.547,34.55
127,1279.0,160.0,0.52,36.92,36.942
128,1280.0,160.0,0.52,36.92,36.942
129,1281.0,160.0,0.52,37.111,37.111
130,1282.0,160.0,0.508,37.187,37.187
131,1283.0,160.0,0.508,37.168,37.187
132,1284.0,160.0,0.485,37.186,37.187
133,1285.0,160.0,0.485,37.166,37.187
134,1286.0,160.0,0.469,37.185,37.187
135,1359.0,170.0,0.45,38.804,38.811
136,1360.0,170.0,0.45,38.799,38.811
137,1361.0,170.0,0.45,38.903,38.903
138,1362.0,170.0,0.679,38.945,38.945
139,1363.0,170.0,0.679,38.944,38.945
140,1364.0,170.0,0.642,38.944,38.945
141,1365.0,170.0,0.642,38.942,38.945
142,1366.0,170.0,0.623,38.942,38.945
143,1439.0,180.0,0.823,40.199,40.207
144,1440.0,180.0,0.823,40.196,40.207
145,1441.0,180.0,0.823,40.315,40.315
146,1442.0,180.0,0.848,40.363,40.363
147,1443.0,180.0,0.848,40.354,40.363
148,1444.0,180.0,0.796,40.362,40.363
149,1445.0,180.0,0.796,40.354,40.363
150,1446.0,180.0,0.757,40.361,40.363
151,1519.0,190.0,0.619,41.769,41.78
152,1520.0,190.0,0.619,41.767,41.78
153,1521.0,190.0,0.619,41.897,41.897
154,1522.0,190.0,0.686,41.95,41.95
155,1523.0,190.0,0.686,41.936,41.95
156,1524.0,190.0,0.653,41.948,41.95
157,1525.0,190.0,0.653,41.939,41.95
158,1526.0,190.0,0.627,41.947,41.95
159,1599.0,200.0,-0.56,40.781,42.573
160,1600.0,200.0,-0.56,40.652,42.573
161,1601.0,200.0,-0.56,40.414,42.573
162,1602.0,200.0,-0.521,40.452,42.573
163,1603.0,200.0,-0.521,40.441,42.573
164,1604.0,200.0,-0.548,40.452,42.573
165,1605.0,200.0,-0.548,40.442,42.573
166,1606.0,200.0,-0.571,40.452,42.573
167,1679.0,210.0,-1.064,37.491,42.573
168,1680.0,210.0,-1.064,37.376,42.573
169,1681.0,210.0,-1.064,37.155,42.573
170,1682.0,210.0,-1.005,37.183,42.573
171,1683.0,210.0,-1.005,37.176,42.573
172,1684.0,210.0,-1.016,37.183,42.573
173,1685.0,210.0,-1.016,37.177,42.573
174,1686.0,210.0,-1.025,37.183,42.573
175,1759.0,220.0,-1.576,34.406,42.573
176,1760.0,220.0,-1.576,34.314,42.573
177,1761.0,220.0,-1.576,34.103,42.573
178,1762.0,220.0,-1.594,34.123,42.573
179,1763.0,220.0,-1.594,34.103,42.573
180,1764.0,220.0,-1.598,34.122,42.573
181,1765.0,220.0,-1.598,34.106,42.573
182,1766.0,220.0,-1.601,34.122,42.573
183,1839.0,230.0,-1.562,31.466,42.573
184,1840.0,230.0,-1.562,31.375,42.573
185,1841.0,230.0,-1.562,31.175,42.573
186,1842.0,230.0,-1.567,31.189,42.573
187,1843.0,230.0,-1.567,31.183,42.573
188,1844.0,230.0,-1.568,31.189,42.573
189,1845.0,230.0,-1.568,31.183,42.573
190,1846.0,230.0,-1.569,31.189,42.573
191,1919.0,240.0,-1.297,28.708,42.573
192,1920.0,240.0,-1.297,28.604,42.573
193,1921.0,240.0,-1.297,28.417,42.573
194,1922.0,240.0,-1.193,28.428,42.573
195,1923.0,240.0,-1.193,28.438,42.573
196,1924.0,240.0,-1.193,28.429,42.573
197,1925.0,240.0,-1.193,28.437,42.573
198,1926.0,240.0,-1.195,28.429,42.573
199,1999.0,250.0,-0.298,26.138,42.573
200,2000.0,250.0,-0.298,26.039,42.573
201,2001.0,250.0,-0.298,25.871,42.573
202,2002.0,250.0,-0.184,25.889,42.573
203,2003.0,250.0,-0.184,25.896,42.573
204,2004.0,250.0,-0.197,25.89,42.573
205,2005.0,250.0,-0.197,25.897,42.573
206,2006.0,250.0,-0.211,25.89,42.573
207,2079.0,260.0,0.189,24.787,42.573
208,2080.0,260.0,0.189,24.787,42.573
209,2081.0,260.0,0.189,24.86,42.573
210,2082.0,260.0,0.268,24.89,42.573
211,2083.0,260.0,0.268,24.883,42.573
212,2084.0,260.0,0.224,24.89,42.573
213,2085.0,260.0,0.224,24.883,42.573
214,2086.0,260.0,0.181,24.89,42.573
215,2159.0,270.0,0.809,25.976,42.573
216,2160.0,270.0,0.809,25.959,42.573
217,2161.0,270.0,0.809,26.092,42.573
218,2162.0,270.0,0.851,26.145,42.573
219,2163.0,270.0,0.851,26.143,42.573
220,2164.0,270.0,0.826,26.146,42.573
221,2165.0,270.0,0.826,26.15,42.573
222,2166.0,270.0,0.791,26.147,42.573
223,2239.0,280.0,0.106,28.018,42.573
224,2240.0,280.0,0.106,28.036,42.573
225,2241.0,280.0,0.106,28.193,42.573
226,2242.0,280.0,0.072,28.257,42.573
227,2243.0,280.0,0.072,28.222,42.573
228,2244.0,280.0,0.042,28.256,42.573
229,2245.0,280.0,0.042,28.221,42.573
230,2246.0,280.0,0.002,28.255,42.573
231,2319.0,290.0,0.661,28.684,42.573
232,2320.0,290.0,0.661,28.679,42.573
233,2321.0,290.0,0.661,28.798,42.573
234,2322.0,290.0,0.78,28.846,42.573
235,2323.0,290.0,0.78,28.841,42.573
236,2324.0,290.0,0.737,28.847,42.573
237,2325.0,290.0,0.737,28.842,42.573
238,2326.0,290.0,0.693,28.847,42.573
239,2399.0,300.0,-0.238,29.786,42.573
240,2400.0,300.0,-0.238,29.718,42.573
241,2401.0,300.0,-0.238,29.608,42.573
242,2402.0,300.0,-0.06,29.655,42.573
243,2403.0,300.0,-0.06,29.63,42.573
244,2404.0,300.0,-0.079,29.655,42.573
245,2405.0,300.0,-0.079,29.629,42.573
246,2406.0,300.0,-0.099,29.654,42.573
247,2479.0,310.0,-0.056,30.761,42.573
248,2480.0,310.0,-0.056,30.686,42.573
249,2481.0,310.0,-0.056,30.584,42.573
250,2482.0,310.0,-0.065,30.635,42.573
251,2483.0,310.0,-0.065,30.611,42.573
252,2484.0,310.0,-0.118,30.634,42.573
253,2485.0,310.0,-0.118,30.615,42.573
254,2486.0,310.0,-0.164,30.633,42.573
255,2559.0,320.0,-0.299,29.039,42.573
256,2560.0,320.0,-0.299,28.964,42.573
257,2561.0,320.0,-0.299,28.835,42.573
258,2562.0,320.0,-0.353,28.871,42.573
259,2563.0,320.0,-0.353,28.85,42.573
260,2564.0,320.0,-0.375,28.87,42.573
261,2565.0,320.0,-0.375,28.855,42.573
262,2566.0,320.0,-0.393,28.87,42.573
263,2639.0,330.0,-0.572,27.031,42.573
264,2640.0,330.0,-0.572,26.945,42.573
265,2641.0,330.0,-0.572,26.801,42.573
266,2642.0,330.0,-0.436,26.825,42.573
267,2643.0,330.0,-0.436,26.834,42.573
268,2644.0,330.0,-0.446,26.826,42.573
269,2645.0,330.0,-0.446,26.829,42.573
270,2646.0,330.0,-0.451,26.826,42.573
271,2719.0,340.0,-0.197,25.259,42.573
272,2720.0,340.0,-0.197,25.18,42.573
273,2721.0,340.0,-0.197,25.078,42.573
274,2722.0,340.0,-0.185,25.114,42.573
275,2723.0,340.0,-0.185,25.113,42.573
276,2724.0,340.0,-0.192,25.115,42.573
277,2725.0,340.0,-0.192,25.113,42.573
278,2726.0,340.0,-0.2,25.115,42.573
279,2799.0,350.0,-0.45,23.863,42.573
280,2800.0,350.0,-0.45,23.803,42.573
281,2801.0,350.0,-0.45,23.701,42.573
282,2802.0,350.0,-0.469,23.731,42.573
283,2803.0,350.0,-0.469,23.715,42.573
284,2804.0,350.0,-0.484,23.731,42.573
285,2805.0,350.0,-0.484,23.719,42.573
286,2806.0,350.0,-0.499,23.731,42.573
287,2879.0,360.0,-0.636,22.292,42.573
288,2880.0,360.0,-0.636,22.231,42.573
289,2881.0,360.0,-0.636,22.118,42.573
290,2882.0,360.0,-0.626,22.138,42.573
291,2883.0,360.0,-0.626,22.13,42.573
292,2884.0,360.0,-0.637,22.138,42.573
293,2885.0,360.0,-0.637,22.131,42.573
294,2886.0,360.0,-0.649,22.138,42.573
295,2959.0,370.0,-0.03,20.71,42.573
296,2960.0,370.0,-0.03,20.648,42.573
297,2961.0,370.0,-0.03,20.544,42.573
298,2962.0,370.0,0.003,20.564,42.573
299,2963.0,370.0,0.003,20.562,42.573
300,2964.0,370.0,-0.027,20.564,42.573
301,2965.0,370.0,-0.027,20.562,42.573
302,2966.0,370.0,-0.061,20.564,42.573
303,3039.0,380.0,-1.826,19.137,42.573
304,3040.0,380.0,-1.826,19.094,42.573
305,3041.0,380.0,-1.826,18.978,42.573
306,3042.0,380.0,-1.794,18.978,42.573
307,3043.0,380.0,-1.794,18.981,42.573
308,3044.0,380.0,-1.836,18.978,42.573
309,3045.0,380.0,-1.836,18.976,42.573
310,3046.0,380.0,-1.862,18.978,42.573
311,3119.0,390.0,-1.339,17.556,42.573
312,3120.0,390.0,-1.339,17.491,42.573
313,3121.0,390.0,-1.339,17.383,42.573
314,3122.0,390.0,-1.277,17.386,42.573
315,3123.0,390.0,-1.277,17.399,42.573
316,3124.0,390.0,-1.281,17.387,42.573
317,3125.0,390.0,-1.281,17.4,42.573
318,3126.0,390.0,-1.284,17.387,42.573
319,3199.0,400.0,-0.637,16.101,42.573
320,3200.0,400.0,-0.637,16.038,42.573
321,3201.0,400.0,-0.637,15.944,42.573
322,3202.0,400.0,-0.527,15.955,42.573
323,3203.0,400.0,-0.527,15.964,42.573
324,3204.0,400.0,-0.536,15.955,42.573
325,3205.0,400.0,-0.536,15.964,42.573
326,3206.0,400.0,-0.543,15.956,42.573
327,3279.0,410.0,-0.112,14.907,42.573
328,3280.0,410.0,-0.112,14.856,42.573
329,3281.0,410.0,-0.112,14.789,42.573
330,3282.0,410.0,-0.048,14.808,42.573
331,3283.0,410.0,-0.048,14.81,42.573
332,3284.0,410.0,-0.081,14.808,42.573
333,3285.0,410.0,-0.081,14.81,42.573
334,3286.0,410.0,-0.116,14.809,42.573
335,3359.0,420.0,-0.373,13.983,42.573
336,3360.0,420.0,-0.373,13.952,42.573
337,3361.0,420.0,-0.373,13.882,42.573
338,3362.0,420.0,-0.415,13.896,42.573
339,3363.0,420.0,-0.415,13.886,42.573
340,3364.0,420.0,-0.438,13.895,42.573
341,3365.0,420.0,-0.438,13.884,42.573
342,3366.0,420.0,-0.461,13.895,42.573
343,3439.0,430.0,-1.574,12.876,42.573
344,3440.0,430.0,-1.574,12.861,42.573
345,3441.0,430.0,-1.574,12.786,42.573
346,3442.0,430.0,-1.617,12.78,42.573
347,3443.0,430.0,-1.617,12.776,42.573
348,3444.0,430.0,-1.631,12.78,42.573
349,3445.0,430.0,-1.631,12.77,42.573
350,3446.0,430.0,-1.644,12.779,42.573
351,3519.0,440.0,-1.594,11.91,42.573
352,3520.0,440.0,-1.594,11.88,42.573
353,3521.0,440.0,-1.594,11.815,42.573
354,3522.0,440.0,-1.614,11.808,42.573
355,3523.0,440.0,-1.614,11.816,42.573
356,3524.0,440.0,-1.617,11.808,42.573
357,3525.0,440.0,-1.617,11.816,42.573
358,3526.0,440.0,-1.62,11.808,42.573
359,3599.0,450.0,-2.429,10.966,42.573
360,3600.0,450.0,-2.429,10.938,42.573
361,3601.0,450.0,-2.429,10.873,42.573
362,3602.0,450.0,-2.565,10.871,42.573
363,3603.0,450.0,-2.565,10.873,42.573
364,3604.0,450.0,-2.568,10.871,42.573
365,3605.0,450.0,-2.568,10.872,42.573
366,3606.0,450.0,-2.571,10.871,42.573
367,3679.0,460.0,-2.377,9.943,42.573
368,3680.0,460.0,-2.377,9.904,42.573
369,3681.0,460.0,-2.377,9.84,42.573
370,3682.0,460.0,-2.292,9.841,42.573
371,3683.0,460.0,-2.292,9.848,42.573
372,3684.0,460.0,-2.298,9.841,42.573
373,3685.0,460.0,-2.298,9.849,42.573
374,3686.0,460.0,-2.301,9.841,42.573
375,3759.0,470.0,-1.648,9.064,42.573
376,3760.0,470.0,-1.648,9.027,42.573
377,3761.0,470.0,-1.648,8.97,42.573
378,3762.0,470.0,-1.562,8.973,42.573
379,3763.0,470.0,-1.562,8.981,42.573
380,3764.0,470.0,-1.568,8.974,42.573
381,3765.0,470.0,-1.568,8.982,42.573
382,3766.0,470.0,-1.572,8.974,42.573
383,3839.0,480.0,-0.742,8.317,42.573
384,3840.0,480.0,-0.742,8.282,42.573
385,3841.0,480.0,-0.742,8.239,42.573
386,3842.0,480.0,-0.621,8.248,42.573
387,3843.0,480.0,-0.621,8.254,42.573
388,3844.0,480.0,-0.654,8.249,42.573
389,3845.0,480.0,-0.654,8.254,42.573
390,3846.0,480.0,-0.683,8.249,42.573
391,3919.0,490.0,-0.95,7.924,42.573
392,3920.0,490.0,-0.95,7.908,42.573
393,3921.0,490.0,-0.95,7.884,42.573
394,3922.0,490.0,-0.987,7.895,42.573
395,3923.0,490.0,-0.987,7.886,42.573
396,3924.0,490.0,-1.025,7.895,42.573
397,3925.0,490.0,-1.025,7.889,42.573
398,3926.0,490.0,-1.047,7.895,42.573
