,x,y,z
0,-0.01086585624120495,0.007090000365128367,-0.08222009573987306
1,-1.4247219640465631,-1.258634609534488,-1.6096403382161437
2,-1.622359352183323,-1.4690460708241722,1.2103885512891457
3,-1.2131571686943023,1.672104046315069,-1.40390002701943
4,-1.4420044716983855,1.3764124738159318,1.4660297160342397
5,1.4455329598964741,-1.402483414982451,-1.4936156545233668
6,1.2648265680262647,-1.642668760127412,1.332462408340158
7,1.6514525134674418,1.4500253335468947,-1.2392715335350495
8,1.3925412945801585,1.0738844227045845,1.6666173851472337
9,-2.876734220464859,0.17992083450194615,-0.1689955653936902
10,-0.12918594018306198,-2.886833057975054,-0.2248004732898125
11,0.1513647840580424,0.19248711582900133,-2.8906122056858323
12,-0.2437168208960955,-0.3181475827842084,2.8587384573885717
13,0.23609256742257428,2.8114096412356164,0.3412329657758623
14,2.9138426050432438,-0.16687198805611167,0.11489769053809967
15,-2.992792263242245,-2.7299672327494067,-0.31646258227879276
16,-2.703019788913716,0.33012884302039813,-2.9553180574463425
17,-3.0470408538461555,-0.03406459212131843,2.6931381061188087
18,-2.660752397641933,3.020032124940012,0.05746172676039307
19,0.005245255935599719,-2.730681992458284,-3.0006586660434365
20,-0.2803426923274103,-3.065289188439564,2.606251350817604
21,0.43858276292201703,3.111439306189321,-2.5761424522981877
22,0.005036208657038943,2.5392962649584394,3.1077924541747293
23,2.7955456744236953,-2.9347407659527134,-0.0958258245358056
24,2.924163249198869,0.0469142418345773,-2.837763230181722
25,2.629546701085799,-0.5617160107039776,2.9874720094662552
26,3.135983406354445,2.4693493328420866,0.6147693901414386
27,-4.260519099004416,-1.162675494560062,-1.6868711568078798
28,-4.40499266250172,-1.3096926882893565,1.157388334598845
29,-4.101527285114264,1.7591882296001782,-1.538945809680215
30,-4.2668034636295955,1.5599697275239335,1.3252392592941407
31,-1.5240284123545342,-4.179337266838081,-1.6876659805646455
32,-1.6683991617673342,-4.287173478426732,1.1109058782132453
33,-1.3389512717647785,-1.1915255807802743,-4.3646618888297075
34,-1.8714532431287392,-1.743289121681109,3.9633453878806555
35,-1.1739872710025312,1.746413427921793,-4.204353430727907
36,-1.6609887355588866,1.217694063672092,4.260180642750135
37,-0.9608541015931149,4.472809772746257,-1.0829779243172064
38,-1.2420212896918843,4.201679075963043,1.7075504352386284
39,1.3755383924528708,-4.251876426482036,-1.5904095804118252
40,1.2717671307091112,-4.36460640530401,1.2306514344670179
41,1.4861802408995062,-1.3050476191778329,-4.33776029881268
42,1.11702423002615,-1.9187657544329304,4.20557894846219
43,1.5714932289318346,1.601414043384937,-4.233654074926057
44,1.117666204470822,0.8017555940226406,4.530736254850811
45,1.9497919022590227,4.051819682338651,-0.7742999329034828
46,1.7338891347312524,3.930460015869549,2.001261820022067
47,4.294603948038554,-1.4595895933946148,-1.4266556298183843
48,4.213750178736597,-1.6793927346891204,1.4679239615241544
49,4.315104862212494,1.3704291839653613,-1.291428682694506
50,4.258132102823832,0.9269840758635489,1.9141475198489013
51,-2.851515818492456,-2.641742309688249,-3.0704087412562586
52,-3.1771315893667915,-2.9264136766562583,2.5201535460206936
53,-2.4616574758707395,3.3003660652647806,-2.8027995069012728
54,-2.863813773310393,2.824222563059451,2.8939473056419738
55,2.8655707715371497,-2.8092186952482647,-2.9293238610964014
56,2.6895393886217636,-3.119478231339312,2.765892651265833
57,3.014943673489682,2.913163117246073,-2.7484270656254353
58,2.7526751557672644,2.1446024051461343,3.423831129525566
59,-5.670599379898221,0.23272728673253307,-0.20588483706361357
60,-0.13418378714047216,-5.678653328038336,-0.22807383950528365
61,0.10546664529610625,0.21475532966290817,-5.713593160196342
62,-0.5772566685478091,-0.6041169260124488,5.388631855790198
63,0.4323419245659038,5.571553712641172,0.6157933309240046
64,5.682764577899898,-0.09888630841146842,0.13865535218338024
65,-4.363344634434429,-4.126542592790671,-1.7168288301958194
66,-4.488280193317488,-4.222416644807574,1.1017360881553002
67,-4.19899074923989,-1.1441882631001572,-4.413907898526676
68,-4.460096879487283,-1.4699141744776736,4.119451411257606
69,-4.088418150207914,1.783610299953566,-4.2987844401031445
70,-4.371034406936039,1.4071449499734943,4.228491640244955
71,-4.110043838467164,4.445931779975814,-1.357143210243446
72,-4.195691165357005,4.33653993431915,1.4861862765460083
73,-1.4296179125589428,-4.155180053946235,-4.413930277332993
74,-1.7793290386772769,-4.417234138617877,4.004996755361664
75,-0.5689761165498545,5.118021240421015,-3.4918334624506633
76,-1.4176921476775581,4.1216676395760485,4.42341080233931
77,1.4313746020822053,-4.209289561961776,-4.371991754244248
78,1.1968066507636608,-4.494167150350305,4.124244315501339
79,1.6935194629718031,4.45753801065538,-4.183416567739459
80,1.3808955448583313,3.7866084156469713,4.706683559806646
81,4.2684426361216286,-4.288087164722554,-1.5020467804235682
82,4.224309913540941,-4.373807104102518,1.3482508025115325
83,4.313853227212967,-1.3782373650672635,-4.305377115700443
84,4.123067259787671,-1.897835100698653,4.3713618016727755
85,4.3476260155962825,1.469087942098096,-4.2491447621914045
86,3.566730924579765,0.38244696384596505,4.9278779342367764
87,4.406762433885441,4.23578412561545,-1.2408590530219188
88,5.086300417677338,3.246419012250082,2.758031263849865
89,-5.77165327596306,-2.6747229444437273,-0.2909517922319551
90,-5.609167909651457,0.3120758298076958,-3.006248573704565
91,-5.761623709124274,0.07405690848618529,2.709398693649419
92,-5.631338027938692,3.0166762812956667,-0.041113578476738
93,-3.0152059698008467,-5.638489400286559,-0.29517275958309125
94,-2.7101538090973394,0.29634837851032797,-5.719075381557725
95,-3.083826208332489,-0.15622049873710658,5.632217325836738
96,-2.6527746846324116,5.714854322287017,0.17081248851232916
97,-0.04103593467754017,-5.647325285199842,-3.001580284701494
98,-0.22124937833247532,-5.747455868741991,2.628614035670524
99,0.03089895921502428,-2.7216990081014916,-5.772147372788646
100,-0.41788275044361145,-3.207867141850937,5.426228088757517
101,0.14520490722989846,3.1640271139079363,-5.580358292284146
102,-0.23183503792208898,2.4713769612333523,5.839273911043414
103,1.0082426717327013,6.137880198841655,-1.8327909732795489
104,0.20969354670998921,5.47217416273891,3.218817536920509
105,2.7886285394548516,-5.7191905853328135,-0.12443262809659729
106,2.911450229134374,0.10046283562730463,-5.722559926608089
107,2.266591623687113,-0.9367524582298646,6.1179065893959965
108,4.061181756525082,4.6224983962290365,1.264800357159174
109,5.697059141547306,-2.9193864356147636,-0.02147916220688285
110,5.725882310453962,0.00741570717317447,-2.809594920413693
111,5.643969473286486,-0.4750222676868151,3.0778741850003217
112,5.651530718627293,2.7407603311858133,0.2260865091939409
113,-5.700814446039507,-2.6312133706394563,-3.0717526910065334
114,-5.830810301183966,-2.7982691915339015,2.639831044982346
115,-5.587801953871817,3.1059561418454438,-2.870828704754791
116,-5.710305266225439,2.9045492489619757,2.8251141183774435
117,-2.910163200518585,-5.615272044011753,-3.046487206692742
118,-3.106499241837985,-5.711607821139554,2.579181039137395
119,-2.813058934918209,-2.670449899462759,-5.787888174929957
120,-3.0823510527900932,-2.9616252301701236,5.60024600285788
121,-2.61262866732521,3.181583217156272,-5.614574298549951
122,-2.947496242950747,2.7631595487447784,5.732816290835866
123,-2.7220534247794697,5.865094255393236,-2.7345476108258797
124,-2.75393659282117,5.667304951621346,2.9781385643548854
125,2.8400384211771166,-5.683490999928617,-2.940327477736672
126,2.7411945496365018,-5.780619990631256,2.738421826796053
127,2.8779149853703494,-2.7865001677731067,-5.7548660925259485
128,2.6213913191364355,-3.2529687198334245,5.670452274664093
129,2.963171158085615,2.9470451637444706,-5.689109967520197
130,2.1305930180363073,1.898678910189832,6.524955206076319
131,3.153656187983759,5.703777337578146,-2.7194396107817096
132,3.3648688140571843,4.903840651226636,3.661807106958642
133,5.719842401329344,-2.841560178042766,-2.881178860521282
134,5.6801377157833475,-3.0332615671364103,2.8573918780510157
135,5.752157420357372,2.828190162238718,-2.759860260207662
136,5.210001342085312,1.6091695166395235,4.192546708042794
137,-4.285726371149559,-4.13015194019861,-4.43119631371203
138,-4.479291850116413,-4.299631048657248,4.100763749760738
139,-4.167850938532948,4.498206704241239,-4.228438770026052
140,-4.281126048999158,4.2705284891131985,4.31246103890298
141,4.291203100560278,-4.2499964858592225,-4.330227623835409
142,4.196822361954692,-4.446989790084117,4.233196029628372
143,4.410798653668821,4.29634392928066,-4.240348094319942
144,3.664569400717159,3.204790252874023,5.373282147262422
145,-7.110351621386112,-1.2017834346604686,-1.6335637992418588
146,-7.154179815710096,-1.2993962552118974,1.2399282409988133
147,-7.074871111670703,1.6398198294193251,-1.53158914018432
148,-7.123479436304834,1.5389993213907511,1.3296513118968092
149,-1.5103459722648755,-7.090694004499066,-1.6030063927309972
150,-1.59212612508948,-7.101260032991805,1.2082155968512285
151,-1.371678293828087,-1.2545004936079174,-7.153226839022198
152,-1.7084692329669506,-1.5665728036415474,7.169187965130478
153,-1.2958395964835876,1.6614402243299342,-7.1052131788300885
154,-1.7178165557709533,1.2045189901781121,7.1727259416863145
155,-1.2094481411005313,7.075276346427894,-1.2541698589748624
156,-1.2889127231379482,7.079729465471512,1.5942604959132616
157,1.3730800252414854,-7.111872397076737,-1.541588909965861
158,1.3146886845960517,-7.125471043539269,1.2879921320695713
159,1.4615219345192865,-1.3190512072698892,-7.158963130833143
160,0.66198115525546,-2.035476567050175,7.12372899049108
161,1.4943055596162762,1.5746178793787426,-7.121642283671923
162,0.5423309226204494,0.4272051942872884,7.034542032189446
163,2.8246641036714633,6.11483057441288,-0.08963507180176906
164,2.1764879127329424,6.502146537987271,2.1757590550406154
165,7.127776608482721,-1.4372318227967311,-1.3982761917583684
166,7.12318067824157,-1.5385602329958046,1.461906362147959
167,7.104738920189557,1.395077620965793,-1.2987900377733315
168,6.944518487288572,1.3512076334902925,1.7493819601463545
169,-5.8164254414182155,-5.63090894972678,-0.2412650840606358
170,-5.6223148833200165,0.2376307211180328,-5.767190239023853
171,-5.787630145346387,-0.014948045488288902,5.648162309807657
172,-5.63110475220678,5.772281807068801,0.052044295859028616
173,-0.0018024351795018338,-5.651547528300441,-5.769909157435527
174,-0.20410679591838354,-5.795629725642153,5.597273920465748
175,0.08525925209383026,5.788294388541635,-5.724370166213893
176,0.03531890136822617,5.579463307290606,5.806140529294319
177,5.694762275273726,-5.729154735027699,-0.05340095046033018
178,5.738222811793542,0.035033976464492,-5.71319386406057
179,5.85430561760577,-0.13285003973406653,5.7362650607300685
180,5.814150597409925,5.714220874910502,0.06208097417629597
181,-7.16794348258828,-4.144076495496299,-1.6249322024332404
182,-7.198019154026801,-4.204066105555903,1.2429215600203816
183,-7.0959285005382915,-1.2194062466844522,-4.39948883504907
184,-7.183915818192407,-1.392242798687734,4.174802370439971
185,-7.059338587145596,1.6538866425307215,-4.349493246787921
186,-7.159727132559551,1.4553742363790387,4.2300122737292964
187,-7.085333175079303,4.405785458861842,-1.4266541535946626
188,-7.113300618661489,4.342752522136796,1.421215599507857
189,-4.364969620266215,-7.0861649440904735,-1.613386489600551
190,-4.420508850233214,-7.1057969841740425,1.212995706250563
191,-4.225707096700196,-1.2543391193223519,-7.164725184237071
192,-4.423326005950017,-1.4968082925501671,7.1016032774757125
193,-4.1652324885779715,1.6443305010727796,-7.11991036662637
194,-4.37190162378725,1.373401442700077,7.131183165377394
195,-4.179166421399479,7.182887324325361,-1.3268461502962874
196,-4.195226204643617,7.130996024137626,1.5126003918441182
197,-1.4490887406912474,-7.095381678703921,-4.371174377422963
198,-1.5944677161691754,-7.134706992629829,4.125517774805826
199,-1.4167870151424087,-4.193141552019221,-7.171567858515766
200,-1.5755635085018995,-4.342165515987332,7.102284267527012
201,-1.313885277992027,4.415570401600785,-7.199195722541691
202,-1.4447402447198514,4.170238633502394,7.175371232052066
203,-1.3076885327382197,7.305345697729701,-4.186072161974355
204,-1.334931284435241,7.078033250617521,4.3568356033118185
205,1.416330488780861,-7.1098614923997046,-4.343447469869988
206,1.3046292383343618,-7.15754129600878,4.184694585417962
207,1.4353403420360231,-4.224410728715795,-7.167786999189509
208,1.2165355510677265,-4.468269896453772,7.111340562704669
209,1.5420298488376583,4.382263077521406,-7.13385773389321
210,1.4614419101428204,4.168439164291071,7.2012973216825875
211,1.4684348188824017,7.067545568338095,-4.193302808241925
212,1.5472505637219467,7.04626469431744,4.4717439618370785
213,4.262555275193833,-7.131733516022708,-1.4838986450495186
214,4.236128108130038,-7.145849257056846,1.3604697074376038
215,4.30472801064442,-1.3785106556280151,-7.156367410098871
216,4.332726319613704,-1.5025631757910853,7.091494744232957
217,4.3282941799319214,1.477979972954706,-7.147551310296937
218,4.356382704179393,1.2941614305513318,7.105787132603044
219,4.5054189430787135,7.19148403935036,-1.3711603789536022
220,4.438910232179971,7.117469884460544,1.5513999138665417
221,7.139690887814254,-4.288855502968798,-1.4546472107921786
222,7.1349567385301516,-4.335268427508394,1.399193115005513
223,7.147567250771736,-1.4038216619633583,-4.2792042517349085
224,7.18761890870181,-1.6094434908320903,4.3474867736728315
225,7.152425916500876,1.4343847240680525,-4.24887290900702
226,7.411749326051568,1.3420880157570485,4.321743504364492
227,7.155611990893468,4.230409819397785,-1.340275964382396
228,7.0858059404654625,4.2127393714078565,1.529160812612136
229,-5.753343122446722,-5.613612252435879,-3.0200697193870356
230,-5.824908891998304,-5.6813626647471835,2.676784295427927
231,-5.680312039770298,-2.6933635956468294,-5.789381344844467
232,-5.818370698330546,-2.868759492296244,5.615481916054395
233,-5.597401923671814,3.064180173418446,-5.7179582464425485
234,-5.740783895983636,2.8509596029334068,5.700976880114297
235,-5.629226873947914,5.83001287364631,-2.8023697503232365
236,-5.67895810492836,5.72702020958543,2.8861548966128296
237,-2.859417639076452,-5.633479958302276,-5.780590720573923
238,-3.0197629043238625,-5.742603877602205,5.59843973976112
239,-2.634145771110618,5.79120987707911,-5.582298885173496
240,-2.8288000302370824,5.666917811508663,5.750260895790044
241,2.8586723079125322,-5.678209265540869,-5.749495522751368
242,2.741444398663177,-5.799280000745271,5.659251348887706
243,2.977497048287195,5.784942319224604,-5.686076906230318
244,2.885941672009477,5.640443835370752,5.907770972823863
245,5.711055179265804,-5.7023609873527805,-2.893540726832644
246,5.681119184524026,-5.761965950345616,2.8111096007202185
247,5.725606734422131,-2.8252114093055996,-5.730147902455161
248,5.68760283092051,-3.017550018187879,5.739033363327783
249,5.760909636308655,2.8704413411849554,-5.700848363093277
250,5.902861197453495,2.8768049560617275,5.94006392160138
251,5.797303808159297,5.6917199777042145,-2.7992311357955226
252,5.718402591459419,5.6410234835540445,2.974227785211731
253,-8.542788820119823,0.12911215264769102,-0.11838351838613766
254,-0.07448211884655198,-8.53610390379033,-0.10931868796192708
255,0.0429499253841895,0.1149718338226166,-8.564786264799798
256,-0.2293069421442691,-0.20601754825740642,8.955455375453724
257,0.5776256027815464,8.024247318761114,0.1878740881564096
258,8.519803958274146,-0.014620954764595632,0.07982940793645336
259,-8.565391769586858,-2.74716298070241,-0.13966281616904166
260,-8.531193842987122,0.1760795068240428,-2.9598700275816907
261,-8.566825326413198,0.055102853298693716,2.7720837210245586
262,-8.549261747162998,2.9438266456574778,-0.041655020138040094
263,-2.9386111382437803,-8.538994182916426,-0.14412686384027687
264,-2.798639217960186,0.13901112772289165,-8.556328718239374
265,-3.0062306748872976,-0.08993873817808802,8.615217976335474
266,-2.773182978223448,8.535369914752629,0.09279840814925976
267,-0.027537111544043306,-8.547069357040273,-2.925257171867936
268,-0.09697604260178172,-8.537771608001183,2.74935086896289
269,0.01218645799568957,-2.780121266194013,-8.572723633039708
270,-0.23604904170159172,-3.0834641201576134,8.833814728677211
271,0.08730778943035275,2.9596874606179284,-8.575705467497864
272,0.007395964944703013,2.6421998907216464,8.4660104687263
273,0.16228495027880058,8.525317883604146,-2.691013232286983
274,0.1940934815674033,8.429956582258194,2.9173113214082735
275,2.8117427203486827,-8.549146860047623,-0.05859215724731107
276,2.878703536883689,0.063060450289101,-8.57318788620953
277,2.675852194384402,-0.10620654960815812,8.445993828099734
278,2.980180198283386,8.53181124343134,0.126742733815215
279,8.566373421818563,-2.8764806066752784,-0.0055843739054516756
280,8.554029165020843,0.01237811002865371,-2.8152101423032563
281,8.572041755542985,-0.11496738697897146,2.863606408579902
282,8.529508858018074,2.8020779762760877,0.09552087420300197
283,-7.141066304361572,-4.16918763887216,-4.385426613310125
284,-7.197730437897201,-4.263713039489917,4.178232040294656
285,-7.08217520876915,4.413446226185509,-4.284291240652325
286,-7.139786192085065,4.298965514136201,4.279970600179424
287,-4.306303550038519,-7.091313712764036,-4.369621250657245
288,-4.393175447791135,-7.133806505099212,4.159120164841703
289,-4.270371741008353,-4.19332059620458,-7.17247228273075
290,-4.4057014684254785,-4.328128036775812,7.0723023785626955
291,-4.168761275713224,4.426029109469013,-7.109293408234109
292,-4.300261788211939,4.267479087633329,7.146422566117108
293,-4.191965990441942,7.2159183448453526,-4.236202550386581
294,-4.242934610495062,7.13123079566685,4.31596423226904
295,4.281932021329943,-7.125426260750893,-4.31372108995446
296,4.231854080410039,-7.160503092338789,4.242247742086761
297,4.292214649220608,-4.255517025920162,-7.15716912534753
298,4.210542575057055,-4.361017129954955,7.143245351015503
299,4.341621062521153,4.321401642489378,-7.136005078014858
300,4.287013903654487,4.220734469808713,7.351566792170925
301,4.355532026810347,7.173979487073241,-4.232273142795554
302,4.231817807545691,7.128083846423293,4.288674979048212
303,7.146276706377097,-4.268079111777942,-4.298501135305304
304,7.133858381079753,-4.357674303064144,4.279276232684354
305,7.168729858367184,4.270246926544249,-4.2507767651260915
306,7.125951072091407,4.127645157577687,4.279222480437418
307,-8.557782299908148,-2.7206580856441187,-2.973413136386636
308,-8.582303888277083,-2.8082601548639525,2.7573120448613393
309,-8.53352443349491,2.9766931900689024,-2.886329695613499
310,-8.564614869922298,2.8912617421048292,2.8251201363368037
311,-2.886270284963763,-8.543372875960058,-2.941197737009986
312,-2.9564501021315377,-8.54286647048123,2.727432228211772
313,-2.836111154953186,-2.7673017200631014,-8.572816176040897
314,-2.9955187208450833,-2.950856283781943,8.551066697600723
315,-2.785400472244549,2.9691908802192915,-8.564485531394023
316,-2.911686283343643,2.8163379294695434,8.573436938462557
317,-2.7708177088906236,8.60733758839948,-2.7552337236125055
318,-2.7774517784246395,8.552070693786293,2.915935411021757
319,2.840309355990835,-8.553679297901942,-2.8940353910608128
320,2.8003637344648085,-8.555041881464478,2.8008060451963237
321,2.86530532015332,-2.8140071911591606,-8.576587951322766
322,2.700217847616423,-2.8597799953279526,8.403298846945031
323,2.902214520836837,2.9039848977560414,-8.576058941341955
324,2.8716887108471516,2.7726310951337334,8.65564484973457
325,2.8405182710487664,8.444394349967272,-2.7064342516529964
326,2.8937183680948912,8.639488545645587,2.889464629401581
327,8.56747658286329,-2.8419763382078016,-2.854649259949967
328,8.579662429334967,-2.923737669311074,2.847207264544455
329,8.565520423754558,2.834983304253548,-2.8065759402470416
330,8.638043819291383,2.8281196281431584,2.850889167890006
331,-5.715067971711047,-5.646285263280299,-5.765956650910186
332,-5.789964655890035,-5.7211945667130975,5.632703895536199
333,-5.637722353719073,5.806965499742684,-5.692464673355443
334,-5.705692727116816,5.714395710518549,5.720105153626175
335,5.717119541772929,-5.6967692573807875,-5.7271516392152835
336,5.676855234122397,-5.752080429413604,5.705630709793537
337,5.7545321112048144,5.733289449180714,-5.692189722177535
338,5.560993823346673,5.5245314800235175,5.650740005116006
339,-9.977298346545535,-1.3474168492237497,-1.4940959625639105
340,-9.981982561036618,-1.3813691114379092,1.3672368848750793
341,-9.985820265620179,1.4972963434139392,-1.4691663549394192
342,-9.987378705010668,1.4654858174567431,1.3905829092871163
343,-1.4522009062048968,-9.98503431679277,-1.4761667658174216
344,-1.472560086894549,-9.970423985880917,1.3648776156105895
345,-1.413161869597273,-1.3710335152929245,-9.986837055225777
346,-1.6098429622782038,-1.5446947279396426,10.067837588383446
347,-1.3949643249518864,1.4923901933285428,-9.991188725890074
348,-1.5018021189318183,1.439994261606407,10.019499579087798
349,-1.292230897330064,9.898471516833762,-1.2932485047677518
350,-1.2809268356907524,9.88539252158849,1.4436649221452442
351,1.4082426009553883,-9.981873490041695,-1.4565001055400373
352,1.390825272033823,-9.971918102125533,1.3888811856470753
353,1.4364750882449744,-1.390286008348662,-9.992976193487243
354,1.4032879789926964,-1.5330406174030007,9.984755979876395
355,1.4535968166698923,1.4674701619456372,-10.00393299688003
356,1.4024855778753262,1.360332721554292,9.976393397664378
357,1.4811958871944544,9.982505413008509,-1.3270584277162532
358,1.4404237679973053,10.012885706702109,1.438760670021157
359,9.98416194351587,-1.415712043161074,-1.409904934530189
360,10.0041731924342,-1.4554657241218028,1.424630306866166
361,9.982896577875557,1.4201876588426023,-1.391400032930064
362,9.98334276865366,1.3903184542965663,1.4491946314529844
363,-7.178101828271191,-7.1027898846555555,-1.5289171054581712
364,-7.180549857782805,-7.1123531578597365,1.3278085821957049
365,-7.112106269669194,-1.328726948232994,-7.163773287472907
366,-7.174390834073406,-1.4310946721311946,7.109471306021823
367,-7.095814325022802,1.5394957652301686,-7.157469023126239
368,-7.159537202316889,1.4264563222941107,7.1255047358690184
369,-7.104755172736118,7.178282137514462,-1.3948756336744836
370,-7.113616444997746,7.157571170388932,1.4491485867547687
371,-1.4290682367600194,-7.110861994888205,-7.159550052136199
372,-1.5130772132527925,-7.164720442074593,7.088510486212813
373,-1.376048804060827,7.2046554835792715,-7.116638950035709
374,-1.40871747477031,7.106573038758658,7.15681876948282
375,1.428139300310331,-7.118662975738289,-7.155524215448273
376,1.3535667608918258,-7.1646065110797865,7.105643162687658
377,1.4843434900047467,7.18034103302072,-7.118143408474266
378,1.424689136497256,7.1184726454979135,7.187946520953689
379,7.13766593869196,-7.139627135055867,-1.447431320958124
380,7.131622497895347,-7.147994198226654,1.4055498350552083
381,7.150894810236444,-1.4107220528518287,-7.14177284064698
382,7.155295015363117,-1.5150209040539093,7.174363971280466
383,7.159256813961847,1.4408954144507955,-7.1392073418424635
384,7.192339378714493,1.3613121098329515,7.18238170677614
385,7.185084275384254,7.145604054538146,-1.4005586969169905
386,7.164187313463515,7.118516657473709,1.499996345910547
387,-8.587024702779113,-5.664118079595801,-0.09100911451636814
388,-8.5402169306188,0.11277190902657465,-5.750560612984043
389,-8.57784941170011,0.01101607984812992,5.679335625716183
390,-8.551886231635791,5.749170974221714,0.008089585408935904
391,-5.7605365902779475,-8.550875039985831,-0.10049682659085488
392,-5.674549585161396,0.09385807903307693,-8.569627574367724
393,-5.755930082656518,-0.01726428829414204,8.56267304257139
394,-5.668028340362312,8.581284441605597,0.04481559991354775
395,-0.0031427944041149984,-8.551574155335476,-5.736464265699282
396,-0.06537149063495667,-8.565997157405237,5.65808135277118
397,0.0006424388494193527,-5.680013387435438,-8.574876968288843
398,-0.09504003867979155,-5.769570797343811,8.563105596459332
399,0.06286291425048231,5.77840418214482,-8.577609795509593
400,-0.002124857543880258,5.651458078562491,8.572814058276801
401,0.07411095766457772,8.598281560615469,-5.666063331490641
402,0.028720459952590045,8.542614161660943,5.745108428313981
403,5.698642923814175,-8.563213804423102,-0.02216009882691026
404,5.7276032566256445,0.02010654038207653,-8.573283977812627
405,5.702225267143854,-0.061324238035948185,8.580317381065328
406,5.778871673433829,8.589715281540883,0.060595399868107816
407,8.569353795701836,-5.7195959432104395,-0.018007795612361537
408,8.574923993051893,0.013251106095095541,-5.702326662376522
409,8.603127281049188,-0.07883009018372708,5.7482514270026375
410,8.563190984535801,5.689356241105594,0.04679113858828812
411,-8.572543686205993,-5.664388058987297,-2.9156135594262604
412,-8.58454986481557,-5.687063002271709,2.7935755743218103
413,-8.561162532542317,-2.7825433382734444,-5.742254651482917
414,-8.577602849729573,-2.8417677142501634,5.671629251222247
415,-8.54070283050758,2.9398701282620885,-5.73457179085627
416,-8.570093684658838,2.8620313749527875,5.702635676186821
417,-8.55118202090948,5.759785662398575,-2.850746677847286
418,-8.561245685440793,5.726848745567527,2.859715001704126
419,-5.739503218705374,-8.552499436947448,-2.9189255558387828
420,-5.7469037503866085,-8.560706570990714,2.7863812500026977
421,-5.691325547877302,-2.795135883343464,-8.572981914339694
422,-5.764978205752516,-2.882669951172934,8.55506592773657
423,-5.672069632418159,2.928709319474934,-8.559196153627886
424,-5.727588368945237,2.8538981240396346,8.567314732659371
425,-5.667407747499747,8.58585970917518,-2.8176186202761895
426,-5.683187123483658,8.569060921248905,2.872831256896731
427,-2.862262140074126,-8.553018718484934,-5.738105361976838
428,-2.904013702959975,-8.558486517098524,5.656223339664513
429,-2.8503433396318236,-5.676923486069716,-8.570723038377636
430,-2.9363766824699793,-5.757046542503337,8.52472374971977
431,-2.8160603319729214,5.774698177090325,-8.566063983798756
432,-2.848727131945139,5.692256548252718,8.570713491715535
433,-2.8088150241806935,8.607279813599298,-5.678695299841807
434,-2.8257237104892052,8.558654634211697,5.720172873470325
435,2.8566254439278196,-8.558334114304225,-5.724078448773938
436,2.8156510793238723,-8.565212457665965,5.681220073194417
437,2.857122288922521,-5.694101071225778,-8.57177219534913
438,2.8123952587424994,-5.737114859294067,8.553943980671082
439,2.901936749906122,5.754070948807115,-8.57074017936046
440,2.8383727966678864,5.7062696346854676,8.611779020323638
441,2.8710604944034994,8.56383477954147,-5.65356257849627
442,2.8858116398271294,8.570188224134213,5.762516306526437
443,5.7095252403073955,-8.561624394596215,-2.868257309614318
444,5.691584023612065,-8.563476042376413,2.8360764781429557
445,5.718942243461599,-2.840496641872578,-8.571800270442585
446,5.677711426014772,-2.8999226929455575,8.57124950238909
447,5.736848073938293,2.873882016242344,-8.571828707024471
448,5.738844809088904,2.7996478230073047,8.60377105813881
449,5.756550678207358,8.600390207431905,-2.851055077479223
450,5.750508742372619,8.569372148663513,2.9214611552575116
451,8.57017016940579,-5.707560248670152,-2.8645827777560333
452,8.57045273005942,-5.7298298526075575,2.8457696970899646
453,8.573793777162233,-2.8425626048608192,-5.709809845677344
454,8.588409729645722,-2.920736287888388,5.73966560639695
455,8.578461473937182,2.857000740628096,-5.698779125461159
456,8.609673811503189,2.8550400873776636,5.76015377436786
457,8.576813356802603,5.694306421292795,-2.825773942309613
458,8.560196618169643,5.6805626801217315,2.890765734006995
459,-9.988568685408746,-4.2346061858458794,-1.4776584328577522
460,-9.989882270161484,-4.2530193999514845,1.3816721510911893
461,-9.987854976465808,-1.356116239835876,-4.321197933030336
462,-9.988040272468092,-1.4110248387230344,4.250567954686051
463,-9.988608235360498,1.4985020643009268,-4.312119405093482
464,-9.990356570891413,1.4402514401796631,4.264394268023093
465,-9.993181071195785,4.322648007394123,-1.43303617583234
466,-9.992941470807839,4.3055974853603045,1.422823359948685
467,-4.305942917914135,-9.993082745657796,-1.4775384630923423
468,-4.314409880901178,-9.985895025656438,1.3710553476046667
469,-4.265675419432328,-1.378785809325282,-9.986596086157299
470,-4.348641592832327,-1.4628427823737424,10.013442068545919
471,-4.257687493445686,1.480379132161386,-9.989006228998434
472,-4.319375632744745,1.4227097129239838,10.009300267751517
473,-4.2417080569946695,9.997668399498364,-1.3885072082405907
474,-4.234101677300078,9.988400634117758,1.45760811930242
475,-1.432230395152122,-9.99081071397537,-4.306554909529203
476,-1.4630361340307725,-9.973501494135895,4.236115162539054
477,-1.4243078476268087,-4.252479226067784,-9.98892651392512
478,-1.5548770379313457,-4.410598980987535,10.05019461508609
479,-1.3968387530244872,4.329174831811,-10.0072430961934
480,-1.4171617049876866,4.240583181282221,9.974147096419532
481,-1.3781124410937908,9.995827971057643,-4.2269837654495666
482,-1.3761183038690996,9.97191886346329,4.283496715455125
483,1.4249666152189964,-9.989060629629712,-4.2975818500154155
484,1.397015073541281,-9.975593997755764,4.251589637231926
485,1.4295923521012366,-4.261542206925722,-9.991204314287423
486,1.4313004300562853,-4.328761998551183,9.994949190363055
487,1.4632899598205467,4.321279310095556,-10.009205702900731
488,1.4056035728413037,4.241072439199657,9.98900941957623
489,1.4683042256967884,9.978874006631328,-4.219217680884916
490,1.4418108172784567,9.992567460757227,4.317897888594729
491,4.27371081953429,-9.985182880143846,-1.438822542297069
492,4.264855317151832,-9.980679035703888,1.4121764858622596
493,4.290519328158506,-1.410494254318965,-9.996118749218311
494,4.223312075815694,-1.4547999182992724,9.947524144805858
495,4.301393582254289,1.4450782445068515,-10.002475547278625
496,4.274445876261696,1.364171427552402,9.985699075767425
497,4.298752645205997,9.985955448300416,-1.4092532931515165
498,4.327413796546704,10.014494076868434,1.4587231546218937
499,9.998245841482458,-4.27998454290922,-1.433305614856263
500,10.003730813670357,-4.297918450937925,1.4178510623040688
501,9.9934903344593,-1.4150312405275913,-4.272330989001587
502,10.009520616543034,-1.4647127923960654,4.290824064938701
503,9.995373216575775,1.4308518615625312,-4.2660977200328025
504,10.01104144850336,1.3989281795903838,4.29583204844741
505,9.984596410093571,4.266539275974821,-1.396697782304869
506,10.00143880344866,4.283304418472197,1.4333592417269474
507,-7.149871642405447,-7.114047343948512,-4.327475009866879
508,-7.164229415083449,-7.134849981790933,4.2315585163706455
509,-7.132203130287156,-4.23328234800274,-7.153663037309254
510,-7.166244723416655,-4.288387346825261,7.113413775445451
511,-7.105235150993676,4.347222269865406,-7.137778518676223
512,-7.142677866512165,4.287900426273483,7.13954228904224
513,-7.112978028770973,7.172136699930103,-4.267746238575919
514,-7.129704086524801,7.1465253446708985,4.29066367800982
515,-4.283468119362018,-7.11602681778533,-7.1521074039680945
516,-4.333991019960426,-7.152071359730339,7.101002317183263
517,-4.226097084282501,7.1662653393399705,-7.110004292490682
518,-4.270181006205921,7.135942352745046,7.143093281690518
519,4.286653617155682,-7.130575766635957,-7.145305643120507
520,4.253274147169074,-7.148365769811717,7.128300371078933
521,4.318452500732555,7.174906800099377,-7.1352723999344505
522,4.318100640765622,7.125542903050237,7.159020147718583
523,7.14234811479626,-7.1345669020411355,-4.291377998509604
524,7.129080473705718,-7.145916389522762,4.2754355806650075
525,7.14672246719441,-4.273186334311512,-7.1425209748769385
526,7.13662412331721,-4.324508117234395,7.157843731307474
527,7.158518003763217,4.2943749683699215,-7.134162291546351
528,7.17763085725365,4.329583559104445,7.1908051590800355
529,7.163888402071448,7.142717527254679,-4.26670007214453
530,7.12271681133153,7.090500491452572,4.340465905694942
